{
    "$schema": "https://schema.management.azure.com/schemas/2015-01-01/deploymentParameters.json#",
    "contentVersion": "1.0.0.0",
    "parameters": {
        "FortiGateName": {
            "value": "daaccelfw04"
        },
        "adminUsername": {
            "value": "simonentwistle"
        },
        "adminPassword": {
            "value": ")vWuGH&4oa3EagMU"
        },
        "FortiGateImageSKU": {
            "value": "fortinet_fg-vm_payg"
        },
        "FortiGateImageVersion": {
            "value": "6.0.0"
        },
        "instanceType": {
            "value": "Standard_F4s"
        },
        "publicIPAddressName": {
            "value": "publicip-fortigate"
        },
        "publicIPAddressType": {
            "value": "Static"
        },
        "publicIPNewOrExistingOrNone": {
            "value": "new"
        },
        "publicIPResourceGroup": {
            "value": "rg-dwp-da-accel-w-fw"
        },
        "location": {
            "value": "ukwest"
        },
        "vnetNewOrExisting": {
            "value": "existing"
        },
        "vnetName": {
            "value": "vnet-rg-dwp-da-accel-w"
        },
        "vnetResourceGroup": {
            "value": "rg-dwp-da-accel-w"
        },
        "Subnet1Name": {
            "value": "int-dmz-pub"
        },
        "Subnet1Prefix": {
            "value": "10.201.0.0/24"
        },
        "Subnet1IP": {
            "value": "10.201.0.4"
        },
        "Subnet2Name": {
            "value": "int-dmz-priv"
        },
        "Subnet2Prefix": {
            "value": "10.201.8.0/24"
        },
        "Subnet2IP": {
            "value": "10.201.8.4"
        },
        "Subnet3Name": {
            "value": "int-dmz-bastion"
        },
        "Subnet3Prefix": {
            "value": "10.201.4.0/24"
        },
        "Subnet3IP": {
            "value": "10.201.4.4"
        }
    }
}