{
    "$schema": "https://schema.management.azure.com/schemas/2015-01-01/deploymentTemplate.json#",
    "contentVersion": "1.0.0.0",
    "parameters": {
        "location": {
            "type": "string",
            "metadata": {
                "description": "location - same as above"
            }
        },
        "adminUsername": {
            "type": "string",
            "metadata": {
                "description": "Username for the FortiGate virtual appliance."
            }
        },
        "adminPassword": {
            "type": "securestring",
            "metadata": {
                "description": "Password for the FortiGate virtual appliance."
            }
        },
        "FortiGateName": {
            "type": "string",
            "metadata": {
                "description": "Name for FortiGate virtual appliance."
            }
        },
        "FortiGateImageSKU": {
            "type": "string",
            "defaultValue": "fortinet_fg-vm_payg",
            "allowedValues": [
                "fortinet_fg-vm",
                "fortinet_fg-vm_payg"
            ],
            "metadata": {
                "description": "Identifies whether to to use PAYG (on demand licensing) or BYOL license model (where license is purchased separately)"
            }
        },
        "FortiGateImageVersion": {
            "type": "string",
            "defaultValue": "latest",
            "allowedValues": [
                "5.2.9",
                "5.4.6",
                "5.6.5",
                "6.0.0",
                "latest"
            ],
            "metadata": {
                "description": "Select image version."
            }
        },
        "instanceType": {
            "type": "string",
            "defaultValue": "Standard_F1",
            "metadata": {
                "description": "Virtual Machine size selection"
            }
        },
        "publicIPNewOrExistingOrNone": {
            "type": "string",
            "defaultValue": "new",
            "allowedValues": [
                "new",
                "existing",
                "none"
            ],
            "metadata": {
                "description": "Identify whether to use a public IP and if so whether it is new or previously created"
            }
        },
        "publicIPAddressName": {
            "type": "string",
            "defaultValue": "PublicIPNameHere",
            "metadata": {
                "description": "Name of Public IP address resource."
            }
        },
        "publicIPResourceGroup": {
            "type": "string",
            "defaultValue": "PublicIPResourceGroupHere",
            "metadata": {
                "description": "Resource Group containing the public IP - or new resource group from above (if new public IP)"
            }
        },
        "publicIPAddressType": {
            "type": "string",
            "defaultValue": "Static",
            "allowedValues": [
                "Dynamic",
                "Static"
            ],
            "metadata": {
                "description": "Type of public IP address - A 'dynamic' address will change during reboot or periods of inactivity"
            }
        },
        "vnetNewOrExisting": {
            "type": "string",
            "defaultValue": "new",
            "allowedValues": [
                "new",
                "existing"
            ],
            "metadata": {
                "description": "Identify whether to use a new or existing vnet"
            }
        },
        "vnetName": {
            "type": "string",
            "metadata": {
                "description": "Name of the Azure virtual network."
            }
        },
        "vnetResourceGroup": {
            "type": "string",
            "defaultValue": "",
            "metadata": {
                "description": "Resource Group containing the virtual network - or new resource group from above (if new vnet)"
            }
        },
        "vnetAddressPrefix": {
            "type": "string",
            "defaultValue": "",
            "metadata": {
                "description": "Virtual network address space in CIDR notation, example: 10.2.0.0/16"
            }
        },
        "Subnet1Name": {
            "type": "string",
            "defaultValue": "",
            "metadata": {
                "description": "Subnet 1 Name"
            }
        },
        "Subnet1Prefix": {
            "type": "string",
            "defaultValue": "",
            "metadata": {
                "description": "Subnet 1 Prefix in CIDR notation (if using public IP, this will be the 'WAN' or external port), example: 10.2.1.0/24"
            }
        },
        "Subnet1IP": {
            "type": "string",
            "metadata": {
                "description": "IP address for subnet1"
            }
        },
        "Subnet2Name": {
            "type": "string",
            "defaultValue": "",
            "metadata": {
                "description": "Subnet 2 Name"
            }
        },
        "Subnet2Prefix": {
            "type": "string",
            "defaultValue": "",
            "metadata": {
                "description": "Subnet 2 Prefix in CIDR notation (if using public IP, this will be the 'WAN' or external port), example: 10.2.2.0/24"
            }
        },
        "Subnet2IP": {
            "type": "string",
            "metadata": {
                "description": "IP address for subnet2"
            }
        },
        "Subnet3Name": {
            "type": "string",
            "defaultValue": "",
            "metadata": {
                "description": "Subnet 3 Name"
            }
        },
        "Subnet3Prefix": {
            "type": "string",
            "defaultValue": "",
            "metadata": {
                "description": "Subnet 3 Prefix in CIDR notation (if using public IP, this will be the 'WAN' or external port), example: 10.2.2.0/24"
            }
        },
        "Subnet3IP": {
            "type": "string",
            "metadata": {
                "description": "IP address for subnet3"
            }
        },
        "FortinetTags": {
            "type": "object",
            "defaultValue": {
                "provider": "6EB3B02F-50E5-4A3E-8CB8-2E129258317D"
            }
        }
    },
    "variables": {
        "vnetID": "[resourceId(parameters('vnetResourceGroup'),'Microsoft.Network/virtualNetworks', parameters('vnetName'))]",
        "subnet1Ref": "[concat(variables('vnetID'),'/subnets/', parameters('Subnet1Name'))]",
        "subnet2Ref": "[concat(variables('vnetID'),'/subnets/', parameters('Subnet2Name'))]",
        "subnet3Ref": "[concat(variables('vnetID'),'/subnets/', parameters('Subnet3Name'))]",
        "publicIPID": "[resourceId(parameters('publicIPResourceGroup'), 'Microsoft.Network/publicIPAddresses', parameters('publicIPAddressName'))]",
        "routeTable1Name": "[concat(parameters('FortiGateName'), '-', parameters('Subnet1Name'),'-routes-',uniquestring(deployment().name))]",
        "routeTable2Name": "[concat(parameters('FortiGateName'), '-', parameters('Subnet2Name'),'-routes-',uniquestring(deployment().name))]",
        "routeTable3Name": "[concat(parameters('FortiGateName'), '-', parameters('Subnet3Name'),'-routes-',uniquestring(deployment().name))]",
        "routeTable1Id": "[resourceId('Microsoft.Network/routeTables',variables('routeTable1Name'))]",
        "routeTable2Id": "[resourceId('Microsoft.Network/routeTables',variables('routeTable2Name'))]",
        "routeTable3Id": "[resourceId('Microsoft.Network/routeTables',variables('routeTable3Name'))]",
        "network_NIC_fg11_Name": "[concat(parameters('FortiGateName'),'-Nic0-',uniquestring(deployment().name))]",
        "network_NIC_fg11_Id": "[resourceId('Microsoft.Network/networkInterfaces',variables('network_NIC_fg11_Name'))]",
        "network_NIC_fg12_Name": "[concat(parameters('FortiGateName'),'-Nic1-',uniquestring(deployment().name))]",
        "network_NIC_fg12_Id": "[resourceId('Microsoft.Network/networkInterfaces',variables('network_NIC_fg12_Name'))]",
        "network_NIC_fg13_Name": "[concat(parameters('FortiGateName'),'-Nic2-',uniquestring(deployment().name))]",
        "network_NIC_fg13_Id": "[resourceId('Microsoft.Network/networkInterfaces',variables('network_NIC_fg13_Name'))]",
        "compute_AvailabilitySet_FG_Name": "[concat(parameters('FortiGateName'),'-AvailabilitySet-',uniquestring(deployment().name))]",
        "compute_AvailabilitySet_FG_Id": "[resourceId('Microsoft.Compute/availabilitySets', variables('compute_AvailabilitySet_FG_Name'))]"
    },
    "resources": [
        {
            "type": "Microsoft.Compute/availabilitySets",
            "name": "[variables('compute_AvailabilitySet_FG_Name')]",
            "apiVersion": "2017-03-30",
            "tags": {
                "provider": "[toUpper(parameters('FortinetTags').provider)]"
            },
            "location": "[parameters('location')]",
            "properties": {
                "platformFaultDomainCount": 2,
                "platformUpdateDomainCount": 2
            },
            "sku": {
                "name": "Aligned"
            }
        },
        {
            "condition": "[equals(parameters('publicIPNewOrExistingOrNone'), 'new')]",
            "type": "Microsoft.Network/publicIPAddresses",
            "apiVersion": "2017-09-01",
            "tags": {
                "provider": "[toUpper(parameters('FortinetTags').provider)]"
            },
            "name": "[parameters('publicIPAddressName')]",
            "location": "[parameters('location')]",
            "properties": {
                "publicIPAllocationMethod": "[parameters('publicIPAddressType')]"
            }
        },
        {
            "apiVersion": "2015-06-15",
            "tags": {
                "provider": "[toUpper(parameters('FortinetTags').provider)]"
            },
            "type": "Microsoft.Network/networkInterfaces",
            "name": "[variables('network_NIC_fg11_Name')]",
            "location": "[parameters('location')]",
            "dependsOn": [
                "[parameters('vnetName')]",
                "[parameters('publicIPAddressName')]"
            ],
            "properties": {
                "ipConfigurations": [
                    {
                        "name": "ipconfig1",
                        "properties": {
                            "privateIPAllocationMethod": "Static",
                            "privateIPAddress": "[parameters('Subnet1IP')]",
                            "subnet": {
                                "id": "[variables('subnet1Ref')]"
                            },
                            "publicIPAddress": {
                                "id": "[variables('publicIPID')]"
                            }
                        }
                    }
                ],
                "enableIPForwarding": true
            }
        },
        {
            "apiVersion": "2015-06-15",
            "tags": {
                "provider": "[toUpper(parameters('FortinetTags').provider)]"
            },
            "type": "Microsoft.Network/networkInterfaces",
            "name": "[variables('network_NIC_fg12_Name')]",
            "location": "[parameters('location')]",
            "dependsOn": [
                "[parameters('vnetName')]"
            ],
            "properties": {
                "ipConfigurations": [
                    {
                        "name": "ipconfig1",
                        "properties": {
                            "privateIPAllocationMethod": "Static",
                            "privateIPAddress": "[parameters('Subnet2IP')]",
                            "subnet": {
                                "id": "[variables('subnet2Ref')]"
                            }
                        }
                    }
                ],
                "enableIPForwarding": true
            }
        },
        {
            "apiVersion": "2015-06-15",
            "tags": {
                "provider": "[toUpper(parameters('FortinetTags').provider)]"
            },
            "type": "Microsoft.Network/networkInterfaces",
            "name": "[variables('network_NIC_fg13_Name')]",
            "location": "[parameters('location')]",
            "dependsOn": [
                "[parameters('vnetName')]"
            ],
            "properties": {
                "ipConfigurations": [
                    {
                        "name": "ipconfig1",
                        "properties": {
                            "privateIPAllocationMethod": "Static",
                            "privateIPAddress": "[parameters('Subnet3IP')]",
                            "subnet": {
                                "id": "[variables('subnet3Ref')]"
                            }
                        }
                    }
                ],
                "enableIPForwarding": true
            }
        },
        {
            "type": "Microsoft.Compute/virtualMachines",
            "name": "[parameters('FortiGateName')]",
            "apiVersion": "2017-03-30",
            "tags": {
                "provider": "[toUpper(parameters('FortinetTags').provider)]"
            },
            "location": "[parameters('location')]",
            "plan": {
                "name": "[parameters('FortiGateImageSKU')]",
                "publisher": "fortinet",
                "product": "fortinet_fortigate-vm_v5"
            },
            "dependsOn": [
                "[variables('network_NIC_fg11_Name')]",
                "[variables('network_NIC_fg12_Name')]",
                "[variables('network_NIC_fg13_Name')]"
            ],
            "properties": {
                "hardwareProfile": {
                    "vmSize": "[parameters('instanceType')]"
                },
                "availabilitySet": {
                    "id": "[variables('compute_AvailabilitySet_FG_Id')]"
                },
                "osProfile": {
                    "computerName": "[parameters('FortiGateName')]",
                    "adminUsername": "[parameters('adminUsername')]",
                    "adminPassword": "[parameters('adminPassword')]"
                },
                "storageProfile": {
                    "imageReference": {
                        "publisher": "fortinet",
                        "offer": "fortinet_fortigate-vm_v5",
                        "sku": "[parameters('FortiGateImageSKU')]",
                        "version": "[parameters('FortiGateImageVersion')]"
                    },
                    "osDisk": {
                        "createOption": "FromImage"
                    },
                    "dataDisks": [
                        {
                            "diskSizeGB": 30,
                            "lun": 0,
                            "createOption": "Empty"
                        }
                    ]
                },
                "networkProfile": {
                    "networkInterfaces": [
                        {
                            "properties": {
                                "primary": true
                            },
                            "id": "[variables('network_NIC_fg11_Id')]"
                        },
                        {
                            "properties": {
                                "primary": false
                            },
                            "id": "[variables('network_NIC_fg12_Id')]"
                        },
                        {
                            "properties": {
                                "primary": false
                            },
                            "id": "[variables('network_NIC_fg13_Id')]"
                        }
                    ]
                }
            }
        }
    ]
}